general_id,canonical_title,reason
julius-caesar,Julius Caesar,gold-set general (data/generals.csv)
alexander-the-great,Alexander the Great,gold-set general (data/generals.csv)
genghis-khan,Genghis Khan,gold-set general (data/generals.csv)
saladin,Saladin,gold-set general (data/generals.csv)
frederick-the-great,Frederick the Great,gold-set general (data/generals.csv)
napoleon-bonaparte,Napoleon,gold-set general (data/generals.csv)
ulysses-s-grant,Ulysses S. Grant,gold-set general (data/generals.csv)
georgy-zhukov,Georgy Zhukov,gold-set general (data/generals.csv)
hannibal-barca,Hannibal,gold-set general (data/generals.csv)
scipio-africanus,Scipio Africanus,gold-set general (data/generals.csv)
subutai,Subutai,gold-set general (data/generals.csv)
tokugawa-ieyasu,Tokugawa Ieyasu,gold-set general (data/generals.csv)
george-washington,George Washington,gold-set general (data/generals.csv)
wellington,"Arthur Wellesley, 1st Duke of Wellington",gold-set general (data/generals.csv)
robert-e-lee,Robert E. Lee,gold-set general (data/generals.csv)
dwight-d-eisenhower,Dwight D. Eisenhower,gold-set general (data/generals.csv)
erwin-rommel,Erwin Rommel,gold-set general (data/generals.csv)
erich-von-manstein,Erich von Manstein,gold-set general (data/generals.csv)
douglas-macarthur,Douglas MacArthur,gold-set general (data/generals.csv)
han-xin,Han Xin,explicitly named in PROGRESS.md must-include list (not in the gold set)
