variant,label,population,vs_baseline,vs_gallup_1991,vs_grunge,vs_thecollector,vs_watchmojo,mean_vs_sources,delta_vs_baseline_mean,largest_tied_score_group
baseline,Baseline (default weights),330,1.0,0.49587946792962445,0.14185090766864372,0.48377810803180155,0.6509122304793918,0.4431051785273654,0.0,1
oar_alone,oar alone,330,0.9342570137967708,0.48143247982006226,0.1000650071017966,0.27875050785055505,0.5595531270546419,0.35495028045676397,-0.08815489807060145,5
war_residual_alone,war_residual alone,330,0.9316754724352591,0.6236025611525731,0.10527006258366385,0.4352226646215723,0.6632091487969883,0.4568261092886994,0.01372093076133396,1
decisiveness_alone,decisiveness alone,330,-0.12456429602408904,0.029937282935438358,-0.2564582740569862,-0.1365215320579667,-0.3215022334434376,-0.17113618915573803,-0.6142413676831034,96
longevity_alone,longevity alone,330,0.5913881837131821,-0.3142731856255394,0.41405261620574346,0.26480625567487626,0.6477668054281931,0.25308812292081834,-0.19001705560654708,12
drop_oar,drop oar,330,0.9655687630489971,0.47319205269814385,0.22732249484486375,0.500508143194704,0.6773399618129168,0.4695906631376571,0.02648548461029171,1
drop_war_residual,drop war_residual,330,0.9624913493654254,0.40992567851716877,0.1607137070798287,0.4778680869774777,0.6370089570599116,0.4213791074085967,-0.02172607111876873,2
drop_decisiveness,drop decisiveness,330,0.9871984799927205,0.456109246607102,0.15052728932672457,0.43748922986490596,0.6243283947927935,0.4171135401478815,-0.025991638379483928,1
drop_longevity,drop longevity,330,0.9854019863276147,0.5762640746475477,0.08307661921575889,0.4239426712490733,0.6627161008754164,0.4364998664969491,-0.00660531203041631,1
equal_weights,equal weights,330,0.9863356287602607,0.4229995024928849,0.17159394821791601,0.4763183929492099,0.6508323714438989,0.43043605377597743,-0.012669124751387983,1
min_battles_1,min battles >= 1,330,1.0,0.49587946792962445,0.14185090766864372,0.48377810803180155,0.6509122304793918,0.4431051785273654,0.0,1
min_battles_3,min battles >= 3,271,1.0,0.49587946792962445,0.14185090766864372,0.48377810803180155,0.6902279743068869,0.45293411448423915,0.00982893595687373,1
min_battles_5,min battles >= 5,161,1.0,0.49587946792962445,0.05119349721611498,0.45344844971744863,0.23844630431885355,0.3097419297955104,-0.133363248731855,1
min_battles_10,min battles >= 10,42,1.0,-0.6427257830160572,0.47120624546833667,0.4522942119009063,0.363912199335019,0.1611717184220512,-0.2819334601053142,1
min_battles_20,min battles >= 20,7,1.0,,1.0,1.0,-1.0,0.3333333333333333,-0.1097718451940321,1
shrinkage_decisiveness,decisiveness shrunk toward 0.5 (pseudo_count=5),330,0.9814006139133091,0.533551883926905,0.19575545616166318,0.5620789911820275,0.6084026068723455,0.4749472345357353,0.03184205600836987,1
