gold_id,pipeline_id,display_name,gold_era,auto_era,gold_battles,auto_battles,gold_wins,gold_draws,gold_losses,auto_wins,auto_draws,auto_losses,gold_strength_coverage,auto_strength_coverage,gold19_rank,auto19_rank,autofull_rank,gold19_pctl,auto19_pctl,autofull_pctl,dominant_shifted_component
dwight-d-eisenhower,dwight-d-eisenhower,Dwight D. Eisenhower,WWII,WWII,6,6,6,0,0,6,0,0,1.0,1.0,1,1,7,0.0,0.0,0.017543859649122806,war_residual (-0.11)
ulysses-s-grant,ulysses-s-grant,Ulysses S. Grant,Industrial,Industrial,15,13,9,3,3,10,3,0,1.0,0.9230769230769231,2,5,20,0.05555555555555555,0.2222222222222222,0.05555555555555555,decisiveness (-0.15)
subutai,subutai,Subutai,Medieval,Medieval,5,5,5,0,0,5,0,0,1.0,1.0,3,3,21,0.1111111111111111,0.1111111111111111,0.05847953216374269,oar (+0.15)
alexander-the-great,alexander-the-great,Alexander the Great,Ancient,Ancient,9,15,9,0,0,15,0,0,1.0,0.6,4,4,9,0.16666666666666666,0.16666666666666666,0.023391812865497075,oar (+0.18)
wellington,arthur-wellesley-1st-duke-of-wellington,Duke of Wellington,Napoleonic,Napoleonic,19,27,18,0,1,19,3,5,1.0,0.9629629629629629,5,17,78,0.2222222222222222,0.8888888888888888,0.22514619883040934,oar (-0.70)
frederick-the-great,frederick-the-great,Frederick the Great,Early Modern,Early Modern,12,19,9,1,2,14,1,4,1.0,0.9473684210526315,6,6,100,0.2777777777777778,0.2777777777777778,0.2894736842105263,oar (-0.16)
scipio-africanus,scipio-africanus,Scipio Africanus,Ancient,Ancient,5,7,5,0,0,6,0,1,1.0,0.7142857142857143,7,8,34,0.3333333333333333,0.3888888888888889,0.09649122807017543,oar (-0.40)
genghis-khan,genghis-khan,Genghis Khan,Medieval,Medieval,8,10,8,0,0,8,0,2,1.0,0.5,8,11,130,0.3888888888888889,0.5555555555555556,0.37719298245614036,longevity (-0.35)
douglas-macarthur,douglas-macarthur,Douglas MacArthur,WWII,Modern,6,12,5,0,1,7,0,5,1.0,0.75,9,10,157,0.4444444444444444,0.5,0.45614035087719296,war_residual (-0.26)
georgy-zhukov,georgy-zhukov,Georgy Zhukov,WWII,WWII,6,6,5,0,1,5,0,1,1.0,1.0,10,7,16,0.5,0.3333333333333333,0.043859649122807015,longevity (+0.16)
tokugawa-ieyasu,tokugawa-ieyasu,Tokugawa Ieyasu,Medieval,Early Modern,6,8,5,0,1,6,1,1,1.0,0.875,11,9,142,0.5555555555555556,0.4444444444444444,0.41228070175438597,decisiveness (+0.26)
erich-von-manstein,erich-von-manstein,Erich von Manstein,WWII,WWII,5,5,3,0,2,3,0,2,1.0,1.0,12,12,172,0.6111111111111112,0.6111111111111112,0.5,decisiveness (-0.26)
george-washington,george-washington,George Washington,Early Modern,Early Modern,12,15,6,2,4,7,2,6,1.0,1.0,13,18,174,0.6666666666666666,0.9444444444444444,0.5058479532163743,decisiveness (-0.15)
napoleon-bonaparte,napoleon,Napoleon Bonaparte,Napoleonic,Napoleonic,14,63,11,1,2,55,2,6,1.0,0.9523809523809523,14,2,12,0.7222222222222222,0.05555555555555555,0.03216374269005848,oar (+0.70)
hannibal-barca,hannibal,Hannibal Barca,Ancient,Ancient,7,20,6,0,1,13,1,6,1.0,0.5,15,14,147,0.7777777777777778,0.7222222222222222,0.4269005847953216,decisiveness (+0.22)
julius-caesar,julius-caesar,Julius Caesar,Ancient,Ancient,11,20,8,0,3,17,0,3,1.0,0.85,16,13,77,0.8333333333333334,0.6666666666666666,0.2222222222222222,oar (+0.41)
robert-e-lee,robert-e-lee,Robert E. Lee,Industrial,Industrial,14,23,6,2,6,6,7,10,1.0,0.8695652173913043,17,16,179,0.8888888888888888,0.8333333333333334,0.52046783625731,decisiveness (+0.15)
saladin,saladin,Saladin,Medieval,Medieval,8,14,3,0,5,7,2,5,1.0,0.42857142857142855,18,15,257,0.9444444444444444,0.7777777777777778,0.7485380116959064,longevity (+0.31)
erwin-rommel,erwin-rommel,Erwin Rommel,WWII,WWII,9,3,4,1,4,1,0,2,1.0,1.0,19,19,273,1.0,1.0,0.7953216374269005,longevity (-0.24)
