rank,general_id,display_name,era,battle_count,composite_score,oar_rating,decisive_win_rate,longevity_adjusted_value,war_residual,war_residual_ci_low,war_residual_ci_high
1,dwight-d-eisenhower,Dwight D. Eisenhower,WWII,6,1.3189892098189153,1872.7365650618506,1.0,1.5,0.1717266878012985,0.1717266878012985,0.1717266878012985
2,ulysses-s-grant,Ulysses S. Grant,Industrial,15,0.9999999999999983,1676.2623440523907,1.0,2.1,-0.14282466963083737,-0.14282466963083737,-0.14282466963083737
3,subutai,Subutai,Medieval,5,0.7736344035546969,1782.685467152885,1.0,0.25,0.22166748783706253,0.22166748783706253,0.22166748783706253
4,alexander-the-great,Alexander the Great,Ancient,9,0.7688619893394752,1878.4992759398422,0.7777777777777778,1.0,0.17480550675516499,0.17480550675516499,0.17480550675516499
5,wellington,Duke of Wellington,Napoleonic,19,0.7,1978.0995747035097,0.6111111111111112,1.3846153846153846,0.19871579216981983,0.19871579216981983,0.19871579216981983
6,frederick-the-great,Frederick the Great,Early Modern,12,0.7,1675.5458301746453,0.5555555555555556,0.475,0.0845164411688913,0.0845164411688913,0.0845164411688913
7,scipio-africanus,Scipio Africanus,Ancient,5,0.6956489576519788,1887.3830303796565,0.8,0.625,0.21306193148053487,0.21306193148053487,0.21306193148053487
8,genghis-khan,Genghis Khan,Medieval,8,0.6296966985407925,1735.283814742013,1.0,0.34782608695652173,0.07314114426939294,0.07314114426939294,0.07314114426939294
9,douglas-macarthur,Douglas MacArthur,WWII,6,0.27454168715752003,1703.9469048982874,0.8,1.0,0.12394902523628142,0.12394902523628142,0.12394902523628142
10,georgy-zhukov,Georgy Zhukov,WWII,6,0.13476028505392093,1694.626472828427,1.0,0.7142857142857143,0.09057136321953001,0.09057136321953001,0.09057136321953001
11,tokugawa-ieyasu,Tokugawa Ieyasu,Medieval,6,-0.20181458145325606,1715.1650910278054,0.6,0.10869565217391304,0.03454598097769768,0.03454598097769768,0.03454598097769768
12,erich-von-manstein,Erich von Manstein,WWII,5,-0.5098504829341965,1557.9786989384882,1.0,1.0,-0.05873507689769063,-0.05873507689769063,-0.05873507689769063
13,george-washington,George Washington,Early Modern,12,-0.7,1564.9820934603026,1.0,0.25,-0.11448894880942333,-0.11448894880942333,-0.11448894880942333
14,napoleon-bonaparte,Napoleon Bonaparte,Napoleonic,14,-0.7,1755.6861003717902,0.7272727272727273,0.575,0.06428358565700279,0.06428358565700279,0.06428358565700279
15,hannibal-barca,Hannibal Barca,Ancient,7,-0.7092088499342566,1701.4918935416465,0.6666666666666666,0.35294117647058826,0.07206016404039113,0.07206016404039113,0.07206016404039113
16,julius-caesar,Julius Caesar,Ancient,11,-0.7553020970571989,1673.1914677906573,1.0,0.5714285714285714,-0.10418712444806257,-0.10418712444806257,-0.10418712444806257
17,robert-e-lee,Robert E. Lee,Industrial,14,-1.0000000000000016,1627.1239410748033,0.8333333333333334,1.75,-0.18636350857869446,-0.18636350857869446,-0.18636350857869446
18,saladin,Saladin,Medieval,8,-1.2015165206422336,1429.8257396289432,1.0,0.15,-0.5286421018522451,-0.5286421018522451,-0.5286421018522451
19,erwin-rommel,Erwin Rommel,WWII,9,-1.2184406990961565,1499.1653943499703,0.5,1.125,-0.13964174768554755,-0.13964174768554755,-0.13964174768554755
