general_id,display_name,tactical_rating,strategic_rating
alexander-the-great,Alexander the Great,1.0,0.7777777777777778
douglas-macarthur,Douglas MacArthur,0.8333333333333334,0.8
dwight-d-eisenhower,Dwight D. Eisenhower,1.0,1.0
erich-von-manstein,Erich von Manstein,0.6,1.0
erwin-rommel,Erwin Rommel,0.4444444444444444,0.5
frederick-the-great,Frederick the Great,0.75,0.5555555555555556
genghis-khan,Genghis Khan,1.0,1.0
george-washington,George Washington,0.5,1.0
georgy-zhukov,Georgy Zhukov,0.8333333333333334,1.0
hannibal-barca,Hannibal Barca,0.8571428571428571,0.6666666666666666
julius-caesar,Julius Caesar,0.7272727272727273,1.0
napoleon-bonaparte,Napoleon Bonaparte,0.7857142857142857,0.7272727272727273
robert-e-lee,Robert E. Lee,0.42857142857142855,0.8333333333333334
saladin,Saladin,0.375,1.0
scipio-africanus,Scipio Africanus,1.0,0.8
subutai,Subutai,1.0,1.0
tokugawa-ieyasu,Tokugawa Ieyasu,0.8333333333333334,0.6
ulysses-s-grant,Ulysses S. Grant,0.6,1.0
wellington,Duke of Wellington,0.9473684210526315,0.6111111111111112
