source,source_kind,url,rank,name
thecollector,history_website_editorial,https://www.thecollector.com/greatest-generals-all-time/,1,Khalid ibn al-Walid
thecollector,history_website_editorial,https://www.thecollector.com/greatest-generals-all-time/,2,Subutai
thecollector,history_website_editorial,https://www.thecollector.com/greatest-generals-all-time/,3,Han Xin
thecollector,history_website_editorial,https://www.thecollector.com/greatest-generals-all-time/,4,Julius Caesar
thecollector,history_website_editorial,https://www.thecollector.com/greatest-generals-all-time/,5,Georgy Zhukov
thecollector,history_website_editorial,https://www.thecollector.com/greatest-generals-all-time/,6,George Washington
thecollector,history_website_editorial,https://www.thecollector.com/greatest-generals-all-time/,7,Napoleon Bonaparte
grunge,pop_culture_listicle,https://www.grunge.com/1469637/best-military-commanders-human-history-ranked/,1,Alexander the Great
grunge,pop_culture_listicle,https://www.grunge.com/1469637/best-military-commanders-human-history-ranked/,2,Julius Caesar
grunge,pop_culture_listicle,https://www.grunge.com/1469637/best-military-commanders-human-history-ranked/,3,Genghis Khan
grunge,pop_culture_listicle,https://www.grunge.com/1469637/best-military-commanders-human-history-ranked/,4,Napoleon
grunge,pop_culture_listicle,https://www.grunge.com/1469637/best-military-commanders-human-history-ranked/,5,Dwight D. Eisenhower
grunge,pop_culture_listicle,https://www.grunge.com/1469637/best-military-commanders-human-history-ranked/,6,Hannibal Barca
grunge,pop_culture_listicle,https://www.grunge.com/1469637/best-military-commanders-human-history-ranked/,7,Saladin
grunge,pop_culture_listicle,https://www.grunge.com/1469637/best-military-commanders-human-history-ranked/,8,Vo Nguyen Giap
grunge,pop_culture_listicle,https://www.grunge.com/1469637/best-military-commanders-human-history-ranked/,9,Hernan Cortes
grunge,pop_culture_listicle,https://www.grunge.com/1469637/best-military-commanders-human-history-ranked/,10,Frederick the Great
grunge,pop_culture_listicle,https://www.grunge.com/1469637/best-military-commanders-human-history-ranked/,11,Charlemagne
grunge,pop_culture_listicle,https://www.grunge.com/1469637/best-military-commanders-human-history-ranked/,12,Themistocles
grunge,pop_culture_listicle,https://www.grunge.com/1469637/best-military-commanders-human-history-ranked/,13,Tamerlane
grunge,pop_culture_listicle,https://www.grunge.com/1469637/best-military-commanders-human-history-ranked/,14,Leonidas I
grunge,pop_culture_listicle,https://www.grunge.com/1469637/best-military-commanders-human-history-ranked/,15,Simon Bolivar
watchmojo,video_countdown,https://www.watchmojo.com/articles/top-10-greatest-military-leaders-of-all-time,1,Alexander the Great
watchmojo,video_countdown,https://www.watchmojo.com/articles/top-10-greatest-military-leaders-of-all-time,2,Genghis Khan
watchmojo,video_countdown,https://www.watchmojo.com/articles/top-10-greatest-military-leaders-of-all-time,3,Hannibal Barca
watchmojo,video_countdown,https://www.watchmojo.com/articles/top-10-greatest-military-leaders-of-all-time,4,Napoleon Bonaparte
watchmojo,video_countdown,https://www.watchmojo.com/articles/top-10-greatest-military-leaders-of-all-time,5,Julius Caesar
watchmojo,video_countdown,https://www.watchmojo.com/articles/top-10-greatest-military-leaders-of-all-time,6,Erwin Rommel
watchmojo,video_countdown,https://www.watchmojo.com/articles/top-10-greatest-military-leaders-of-all-time,7,Cyrus the Great
watchmojo,video_countdown,https://www.watchmojo.com/articles/top-10-greatest-military-leaders-of-all-time,8,Joan of Arc
watchmojo,video_countdown,https://www.watchmojo.com/articles/top-10-greatest-military-leaders-of-all-time,9,Vo Nguyen Giap
watchmojo,video_countdown,https://www.watchmojo.com/articles/top-10-greatest-military-leaders-of-all-time,10,Sun Tzu
gallup_1991,public_opinion_poll,https://news.gallup.com/poll/2236/greatest-american-military-general-all-time-public-says-patton.aspx,1,George S. Patton
gallup_1991,public_opinion_poll,https://news.gallup.com/poll/2236/greatest-american-military-general-all-time-public-says-patton.aspx,2,Dwight D. Eisenhower
gallup_1991,public_opinion_poll,https://news.gallup.com/poll/2236/greatest-american-military-general-all-time-public-says-patton.aspx,3,Douglas MacArthur
gallup_1991,public_opinion_poll,https://news.gallup.com/poll/2236/greatest-american-military-general-all-time-public-says-patton.aspx,4,Colin Powell
gallup_1991,public_opinion_poll,https://news.gallup.com/poll/2236/greatest-american-military-general-all-time-public-says-patton.aspx,5,George Washington
gallup_1991,public_opinion_poll,https://news.gallup.com/poll/2236/greatest-american-military-general-all-time-public-says-patton.aspx,6,Norman Schwarzkopf
gallup_1991,public_opinion_poll,https://news.gallup.com/poll/2236/greatest-american-military-general-all-time-public-says-patton.aspx,7,Robert E. Lee
gallup_1991,public_opinion_poll,https://news.gallup.com/poll/2236/greatest-american-military-general-all-time-public-says-patton.aspx,8,Ulysses S. Grant
gallup_1991,public_opinion_poll,https://news.gallup.com/poll/2236/greatest-american-military-general-all-time-public-says-patton.aspx,9,Omar Bradley
